{"cameraMode":{"drawMode":0,"name":"Shaded","section":"Shading Mode"},"sceneLighting":false,"audioPlay":false,"sceneViewState":{"showFog":true,"showMaterialUpdate":false,"showSkybox":true,"showFlares":true,"showImageEffects":true,"showParticleSystems":true},"in2DMode":false,"pivot":{"x":-36.20553970336914,"y":-5.477640628814697,"z":306.4920959472656},"rotation":{"x":0.049176111817359927,"y":-0.9405578374862671,"z":0.15517480671405793,"w":0.2980830669403076},"size":91.39689636230469,"orthographic":false}