{"cameraMode":{"drawMode":0,"name":"Shaded","section":"Shading Mode"},"sceneLighting":false,"audioPlay":false,"sceneViewState":{"showFog":true,"showMaterialUpdate":false,"showSkybox":true,"showFlares":true,"showImageEffects":true,"showParticleSystems":true},"in2DMode":false,"pivot":{"x":-2.032135486602783,"y":2.1809780597686769,"z":1.0906484127044678},"rotation":{"x":-0.031851112842559817,"y":-0.47946125268936159,"z":0.017417175695300103,"w":-0.8768119215965271},"size":2.8578836917877199,"orthographic":false}