{"cameraMode":{"drawMode":0,"name":"Shaded","section":"Shading Mode"},"sceneLighting":false,"audioPlay":false,"sceneViewState":{"showFog":true,"showMaterialUpdate":false,"showSkybox":true,"showFlares":true,"showImageEffects":true,"showParticleSystems":true},"in2DMode":false,"pivot":{"x":4.880001068115234,"y":35.41791534423828,"z":18.799999237060548},"rotation":{"x":0.04899046570062637,"y":-0.9332011938095093,"z":0.139612078666687,"w":0.32748132944107058},"size":40.778812408447269,"orthographic":false}