{"cameraMode":{"drawMode":0,"name":"Shaded","section":"Shading Mode"},"sceneLighting":false,"audioPlay":false,"sceneViewState":{"showFog":true,"showMaterialUpdate":false,"showSkybox":true,"showFlares":true,"showImageEffects":true,"showParticleSystems":true},"in2DMode":false,"pivot":{"x":-12.692889213562012,"y":-9.230436325073243,"z":15.857110977172852},"rotation":{"x":0.2030712217092514,"y":-0.2845834791660309,"z":0.06181790307164192,"w":0.9348545074462891},"size":26.44940185546875,"orthographic":false}