{"cameraMode":{"drawMode":0,"name":"Shaded","section":"Shading Mode"},"sceneLighting":false,"audioPlay":false,"sceneViewState":{"showFog":true,"showMaterialUpdate":false,"showSkybox":true,"showFlares":true,"showImageEffects":true,"showParticleSystems":true},"in2DMode":false,"pivot":{"x":-1.6297688484191895,"y":1.1455700397491456,"z":0.508685827255249},"rotation":{"x":-0.11307113617658615,"y":-0.8309085369110107,"z":0.18310432136058808,"w":-0.5131070017814636},"size":8.097724914550782,"orthographic":false}