{"cameraMode":{"drawMode":0,"name":"Shaded","section":"Shading Mode"},"sceneLighting":false,"audioPlay":false,"sceneViewState":{"showFog":true,"showMaterialUpdate":false,"showSkybox":true,"showFlares":true,"showImageEffects":true,"showParticleSystems":true},"in2DMode":false,"pivot":{"x":7.731327533721924,"y":5.818887710571289,"z":2.4628775119781496},"rotation":{"x":0.1642601042985916,"y":-0.6929877996444702,"z":0.16694331169128419,"w":0.6818479299545288},"size":3.7152490615844728,"orthographic":false}