{"cameraMode":{"drawMode":0,"name":"Shaded","section":"Shading Mode"},"sceneLighting":false,"audioPlay":false,"sceneViewState":{"showFog":true,"showMaterialUpdate":false,"showSkybox":true,"showFlares":true,"showImageEffects":true,"showParticleSystems":true},"in2DMode":false,"pivot":{"x":-2.960859537124634,"y":2.3823554515838625,"z":0.6592084765434265},"rotation":{"x":0.1766035258769989,"y":-0.4640883803367615,"z":0.09499309957027435,"w":0.8627917170524597},"size":29.45151138305664,"orthographic":false}