{"cameraMode":{"drawMode":0,"name":"Shaded","section":"Shading Mode"},"sceneLighting":false,"audioPlay":false,"sceneViewState":{"showFog":true,"showMaterialUpdate":false,"showSkybox":true,"showFlares":true,"showImageEffects":true,"showParticleSystems":true},"in2DMode":false,"pivot":{"x":106.38681030273438,"y":33.970088958740237,"z":119.88589477539063},"rotation":{"x":0.13783395290374757,"y":-0.8410750031471252,"z":0.2533408999443054,"w":0.45761680603027346},"size":23.127355575561525,"orthographic":false}