{"cameraMode":{"drawMode":0,"name":"Shaded","section":"Shading Mode"},"sceneLighting":false,"audioPlay":false,"sceneViewState":{"showFog":true,"showMaterialUpdate":false,"showSkybox":true,"showFlares":true,"showImageEffects":true,"showParticleSystems":true},"in2DMode":false,"pivot":{"x":-4.21999979019165,"y":2.1809780597686769,"z":1.0906484127044678},"rotation":{"x":0.013268967159092427,"y":-0.9264819622039795,"z":0.03281044587492943,"w":0.3746713697910309},"size":2.8578836917877199,"orthographic":false}