{"cameraMode":{"drawMode":0,"name":"Shaded","section":"Shading Mode"},"sceneLighting":false,"audioPlay":false,"sceneViewState":{"showFog":true,"showMaterialUpdate":false,"showSkybox":true,"showFlares":true,"showImageEffects":true,"showParticleSystems":true},"in2DMode":false,"pivot":{"x":-2.032135486602783,"y":3.0199999809265138,"z":1.0906484127044678},"rotation":{"x":0.22007136046886445,"y":-0.14424541592597962,"z":0.032923005521297458,"w":0.9641980528831482},"size":2.8578836917877199,"orthographic":false}