{"cameraMode":{"drawMode":0,"name":"Shaded","section":"Shading Mode"},"sceneLighting":false,"audioPlay":false,"sceneViewState":{"showFog":true,"showMaterialUpdate":false,"showSkybox":true,"showFlares":true,"showImageEffects":true,"showParticleSystems":true},"in2DMode":false,"pivot":{"x":-5.956479072570801,"y":36.204681396484378,"z":7.499369144439697},"rotation":{"x":-0.0055005839094519619,"y":-0.9520277380943298,"z":-0.017134418711066247,"w":0.30548223853111269},"size":38.94376754760742,"orthographic":false}