{"cameraMode":{"drawMode":0,"name":"Shaded","section":"Shading Mode"},"sceneLighting":false,"audioPlay":false,"sceneViewState":{"showFog":true,"showMaterialUpdate":false,"showSkybox":true,"showFlares":true,"showImageEffects":true,"showParticleSystems":true},"in2DMode":false,"pivot":{"x":68.7930679321289,"y":13.129913330078125,"z":70.33929443359375},"rotation":{"x":-0.388467013835907,"y":0.5265878438949585,"z":-0.2935445010662079,"w":-0.696871817111969},"size":18.310335159301759,"orthographic":false}