{"cameraMode":{"drawMode":0,"name":"Shaded","section":"Shading Mode"},"sceneLighting":false,"audioPlay":false,"sceneViewState":{"showFog":true,"showMaterialUpdate":false,"showSkybox":true,"showFlares":true,"showImageEffects":true,"showParticleSystems":true},"in2DMode":false,"pivot":{"x":-8.25,"y":6.240000247955322,"z":6.71999979019165},"rotation":{"x":-0.010802227072417736,"y":0.9885174632072449,"z":-0.08652732521295548,"w":-0.1234082281589508},"size":2.8578836917877199,"orthographic":false}