{"cameraMode":{"drawMode":0,"name":"Shaded","section":"Shading Mode"},"sceneLighting":false,"audioPlay":false,"sceneViewState":{"showFog":true,"showMaterialUpdate":false,"showSkybox":true,"showFlares":true,"showImageEffects":true,"showParticleSystems":true},"in2DMode":false,"pivot":{"x":0.6494903564453125,"y":1.3690705299377442,"z":-0.48661231994628909},"rotation":{"x":-0.1470170021057129,"y":-0.4059290885925293,"z":0.06634198129177094,"w":-0.8995590209960938},"size":8.524613380432129,"orthographic":false}