{"cameraMode":{"drawMode":0,"name":"Shaded","section":"Shading Mode"},"sceneLighting":false,"audioPlay":false,"sceneViewState":{"showFog":true,"showMaterialUpdate":false,"showSkybox":true,"showFlares":true,"showImageEffects":true,"showParticleSystems":true},"in2DMode":false,"pivot":{"x":-2.032135486602783,"y":2.1809780597686769,"z":-2.246000051498413},"rotation":{"x":0.1766035258769989,"y":-0.4640883803367615,"z":0.09499309957027435,"w":0.8627917170524597},"size":4.131594657897949,"orthographic":false}