{"cameraMode":{"drawMode":0,"name":"Shaded","section":"Shading Mode"},"sceneLighting":false,"audioPlay":false,"sceneViewState":{"showFog":true,"showMaterialUpdate":false,"showSkybox":true,"showFlares":true,"showImageEffects":true,"showParticleSystems":true},"in2DMode":false,"pivot":{"x":150.85572814941407,"y":23.520479202270509,"z":63.774070739746097},"rotation":{"x":0.11876338720321655,"y":0.839473307132721,"z":-0.20362116396427155,"w":0.48961031436920168},"size":23.127355575561525,"orthographic":false}