{"cameraMode":{"drawMode":0,"name":"Shaded","section":"Shading Mode"},"sceneLighting":false,"audioPlay":false,"sceneViewState":{"showFog":true,"showMaterialUpdate":false,"showSkybox":true,"showFlares":true,"showImageEffects":true,"showParticleSystems":true},"in2DMode":false,"pivot":{"x":-1.7437574863433838,"y":2.529508352279663,"z":1.0324513912200928},"rotation":{"x":0.013385864906013012,"y":-0.6387501358985901,"z":0.011114896275103093,"w":0.7692174911499023},"size":5.8416595458984379,"orthographic":false}