{"cameraMode":{"drawMode":0,"name":"Shaded","section":"Shading Mode"},"sceneLighting":false,"audioPlay":false,"sceneViewState":{"showFog":true,"showMaterialUpdate":false,"showSkybox":true,"showFlares":true,"showImageEffects":true,"showParticleSystems":true},"in2DMode":false,"pivot":{"x":-5.754638195037842,"y":6.487170696258545,"z":4.340413570404053},"rotation":{"x":0.5207934379577637,"y":-0.03838816285133362,"z":0.023451905697584153,"w":0.8524966835975647},"size":4.064198017120361,"orthographic":true}