{"cameraMode":{"drawMode":0,"name":"Shaded","section":"Shading Mode"},"sceneLighting":false,"audioPlay":false,"sceneViewState":{"showFog":true,"showMaterialUpdate":false,"showSkybox":true,"showFlares":true,"showImageEffects":true,"showParticleSystems":true},"in2DMode":false,"pivot":{"x":146.61614990234376,"y":54.49922180175781,"z":174.543212890625},"rotation":{"x":-0.016171615570783616,"y":0.17665572464466096,"z":0.00290752574801445,"w":0.9841355681419373},"size":57.273216247558597,"orthographic":false}