{"cameraMode":{"drawMode":0,"name":"Shaded","section":"Shading Mode"},"sceneLighting":false,"audioPlay":false,"sceneViewState":{"showFog":true,"showMaterialUpdate":false,"showSkybox":true,"showFlares":true,"showImageEffects":true,"showParticleSystems":true},"in2DMode":false,"pivot":{"x":64.30000305175781,"y":11.039999961853028,"z":60.35000228881836},"rotation":{"x":0.14406226575374604,"y":0.5862548351287842,"z":-0.10689988732337952,"w":0.7900151014328003},"size":5.199046611785889,"orthographic":false}