{"cameraMode":{"drawMode":0,"name":"Shaded","section":"Shading Mode"},"sceneLighting":false,"audioPlay":false,"sceneViewState":{"showFog":true,"showMaterialUpdate":false,"showSkybox":true,"showFlares":true,"showImageEffects":true,"showParticleSystems":true},"in2DMode":false,"pivot":{"x":-0.7772078514099121,"y":2.892850399017334,"z":2.0934510231018068},"rotation":{"x":0.05144747719168663,"y":-0.4570167362689972,"z":0.026490503922104837,"w":0.8875737190246582},"size":4.739264488220215,"orthographic":false}