{"cameraMode":{"drawMode":0,"name":"Shaded","section":"Shading Mode"},"sceneLighting":false,"audioPlay":false,"sceneViewState":{"showFog":true,"showMaterialUpdate":false,"showSkybox":true,"showFlares":true,"showImageEffects":true,"showParticleSystems":true},"in2DMode":false,"pivot":{"x":0.9376430511474609,"y":0.06179922819137573,"z":-0.8074119091033936},"rotation":{"x":0.010485254228115082,"y":-0.7978954911231995,"z":0.01388443075120449,"w":0.6025447249412537},"size":1.8341052532196046,"orthographic":false}