{"cameraMode":{"drawMode":0,"name":"Shaded","section":"Shading Mode"},"sceneLighting":false,"audioPlay":false,"sceneViewState":{"showFog":true,"showMaterialUpdate":false,"showSkybox":true,"showFlares":true,"showImageEffects":true,"showParticleSystems":true},"in2DMode":false,"pivot":{"x":4.482039451599121,"y":2.922046184539795,"z":3.80806040763855},"rotation":{"x":-0.006654456257820129,"y":-0.9911880493164063,"z":0.12042314559221268,"w":-0.05477540194988251},"size":0.09904980659484863,"orthographic":false}